New Image Dental,http://newimagedental.org,newmenavsky@gmail.com
New Image Dental,http://newimagedental.org,scholarships@newimagedental.org
Tarzana Smile Design,http://tarzanasmiledesign.com,tarzanasmile@gmail.com
Greenwood Dental & Orthodontics,http://greenwooddentalgroup.com,greenwooddentalgroup@gmail.com
Smile Recreation by Dr. Bernard Baseri,http://smilerecreation.com,info@smilerecreation.com
Marina Dental Care,http://drmarinarios.com,info@drmarinarios.com
"Nader Yermian, DDS - Vicente Dental",http://vicentedental.com,hi@vicentedental.com
"Nader Yermian, DDS - Vicente Dental",http://vicentedental.com,hello@youriste.com
Silverlake Dental Group,http://silverlakedentalgroup.com,Josh@SilverlakeDentalGroup.Com
"Cecilia T Lontoc, DMD",http://cecilialontocdental.com,office@cecilialontocdental.com
Dr. Michael Y. Jacobson - Robertson Dental Group,http://robertsondentalgroup.com,robertsondentalgroup@gmail.com
CV Dental Group,http://cvdental.net,drhart@cvdental.net
CV Dental Group,http://cvdental.net,office@cvdental.net
Birdseye Dentistry,http://birdseyedentistry.com,contact@birdseyedentsitry.com
Birdseye Dentistry,http://birdseyedentistry.com,contact@birdseyedentistry.com
LA Smiles Dental Spa,http://lasmiles.com,info@lasmiles.com
"ZenDental-Alessandra Raschkovsky, DDS",http://zendental.com,appointments@zendental.com
The Tender Dentist,http://tenderdentist.com,TenderDentist@gmail.com
The Tender Dentist,http://tenderdentist.com,tenderdentist@gmail.com
Pearlique,http://pearlique.dental,info@pearlique.dental
Miracle Mile Comprehensive Dental Center,http://miraclemiledentalcenter.com,info@miraclemiledentalcenter.com
Geller Dentistry,http://gellerdentistry.com,john@smith.com
Geller Dentistry,http://gellerdentistry.com,bengellerdds@gmail.com
River Dentistry,http://riverdentistry.com,info@riverdentistry.com
"Stephanie Yeung, DDS",http://stephanieyeungdds.com,StephanieYeungDDS@gmail.com
"Stephanie Yeung, DDS",http://stephanieyeungdds.com,stephanieyeungdds@gmail.com
"Claire Ho, DDS",http://clairehodds.com,clairedds@gmail.com
LA Smiles Dentistry,http://lasmilesdentistry.com,emailus@lasmilesdentistry.com
Smile LA Downtown Modern Dentistry,http://smilela.com,fancysmilela@gmail.com
Smile LA Downtown Modern Dentistry,http://smilela.com,office@smilela.com
"Shervin M. Louie, DDS",http://smileinla.com,smile@smileinla.com
"Shervin M. Louie, DDS",http://smileinla.com,proactivela@gmail.com
"Sanjay P Doshi, DDS - The Diamond Bar Dentist",http://drdoshi.com,dentistrybydrdoshi@gmail.com
Joeun Dental Group,http://joeundentist.com,adam@websitedevco.com
Genesis Dental Esthetics,http://GenesisDentalEsthetics.com,Contact@GenesisDentalEsthetics.com
Los Feliz Dental Center,http://losfelizdentalcenter.com,info@losfelizdentalcenter.com
Beautiful New Smiles,http://beautifulnewsmiles.com,whentosz@gmail.com
Pasadena Childrens Dentistry & Orthodontics,http://pasadenachildrensdentistry.com,info1@pasadenachildrensdentistry.com
LA Specialist Dental,http://la-specialistdental.com,micah@micahrich.com
LA Specialist Dental,http://la-specialistdental.com,Centromedico514@yahoo.com
LA Specialist Dental,http://la-specialistdental.com,Tim.souchiski@gmail.com
LA Specialist Dental,http://la-specialistdental.com,info@ndiscovered.com
Cute Smile Dental,http://cutesmiledental.net,info@cutesmiledental.com
Cal Dental Group,http://caldentalgroup.com,info@caldentalgroup.com
Healing Dental Care,http://HealingDentalCareLA.com,info@HealingDentalCareLA.com
Healing Dental Care,http://HealingDentalCareLA.com,8b4e078a51d04e0e9efdf470027f0ec1@sentry.wixpress.com
Boyle Heights Dental Care,http://boyleheightsdentalcare.com,boyleheightsdentalcare@gmail.com
Perfectly Bright Smiles,http://perfectlybrightsmiles.com,frontdesk@berkeleydentaloffice.com
Perfectly Bright Smiles,http://perfectlybrightsmiles.com,info@perfectlybrightsmiles.com
Beverly Hills Dentistry,http://beverlyhillsdentistry.com,info@beverlyhillsdentistry.com
Miracle Smile Dentistry,http://miraclesmiledentistry.com,mses@emiraclesmile.com
Miracle Smile Dentistry,http://miraclesmiledentistry.com,msla@emiraclesmile.com
Yes Dental Centers,http://yes.dental,Contact@yes.dental
LA Dental Clinic,http://ladentalclinic.com,smile@ladentalclinic.com
Vernon Family Dental,http://smilefixer.net,VernonDental@aol.com
Vernon Family Dental,http://smilefixer.net,8b4e078a51d04e0e9efdf470027f0ec1@sentry.wixpress.com
Vernon Family Dental,http://smilefixer.net,INFO@MIKEMAH.ME
"Don Solooki, DDS - Calm Dental",http://calmdental.com,email@email.com
E-Dream Dental Group,http://edreamdental.com,info@edreamdental.comHours
E-Dream Dental Group,http://edreamdental.com,info@edreamdental.com
E-Dream Dental Group,http://edreamdental.com,edreamdental@gmail.com
"Kevin Truong, DDS APC",http://venicecrossroadsdental.com,frontdesk@venicecrossroadsdental.com
"Kevin Truong, DDS APC",http://venicecrossroadsdental.com,kevin@kevintruongdds.com
"Kevin Truong, DDS APC",http://venicecrossroadsdental.com,lisa@kevintruongdds.com
"Kevin Truong, DDS APC",http://venicecrossroadsdental.com,office@kevintruongdds.com
Mint Dental,http://mintdentalla.com,donotreply@prosites.com
Brighter Dental,http://brighterdentalla.com,frontdesk@brighterdentalla.com
Vision Dental Mar Vista,http://visiondentalmv.com,info@visiondental.com
Vision Dental Mar Vista,http://visiondentalmv.com,marvista@visiondental.com
101 Dental,http://101dental101.com,eben@eyebytes.com
Wilshire Smile Studio,http://ladentist.com,smiles@ladentist.com
Historic Core Dental Care,http://downtownladentalcare.com,historiccoredentalcare@gmail.com
Sawtelle Family Dental,http://sawtellefamilydental.com,sawtellefamilydental@gmail.com
"Karina Spillman, DDS",http://karinaspillmandds.com,karinaspillmandds@yahoo.com
City of Angels Dentistry,http://cofadentistry.com,team@cofadentistry.com
Avenue Dental,http://avenue.dental,jobs@avenue.dental
Avenue Dental,http://avenue.dental,hello@avenue.dental
Dental Spa of Orange,http://dentalspaorange.com,info@serenitydental.com
Anaheim Hills Smile Studio,http://anaheimhillssmilestudio.com,smile-studio@hotmail.com
Z Dental Group,http://zdentalgroup.com,info@zdentalgroup.com
"Chester Yokoyama, DDS - Dental Healing",http://dentalhealing.com,info@dentalhealing.com
Dr Valeria Valdez Family Dentistry,http://valdezdentistry.com,info@valdezdentistry.com
"Rachel Marmor, DMD",http://rachelmarmordmd.com,rachelmarmordmd@gmail.com
Downtown Dental,http://downtowndentalla.com,office@downtowndentalLA.com
Downtown Dental,http://downtowndentalla.com,policy@pri-pol.com
Kelly Smile Dentistry,http://kellyhongdds.com,info@weomedia.com
Allaire Dental Care,http://allairedentalcare.com,office@allairedentalcare.com
Venice Dental Group,http://venicedentalgroup.com,info@venicedentalgroup.com
Exquisite Dentistry,http://exquisitedentistryla.com,info@ExquisiteDentistryLA.com
Prero Orthodontics,http://PreroOrthodontics.com,info@drprero.com
"Maurice K Masliah, DDS - Dental Design of Brentwood",http://cosmeticdentistlosangeles.com,drmasliah@verizon.net
Dental Oasis,http://dentaloasisla.com,dentaloasis.losangeles@gmail.com
Petri Dental,http://petridental.com,petridental@yahoo.com
"Venkatesh Dwarnal, DDS - Pro Dental Care",http://prodentalcares.com,info@prodentalcares.com
Pacific Dental Aesthetics,http://pacificdentalaesthetics.com,info@pacificdentalaesthetics.com
U Smile Dental,http://usmiledentalanaheim.com,usmileanaheim@gmail.com
"NKM Prasad, DDS",http://PrasadDental.com,8b4e078a51d04e0e9efdf470027f0ec1@sentry.wixpress.com
"NKM Prasad, DDS",http://PrasadDental.com,info@PrasadDental.com
Maria Kim DMD,http://mariakimdmd.com,Kim050@yahoo.com
Maria Kim DMD,http://mariakimdmd.com,kim050@yahoo.com
"Jack Ringer, DDS",http://dentalcosmetics.com,drringer@dentalcosmetics.com
"William N Langstaff, DDS, FAGD, FACD",http://villaparkdentalcenterca.com,drlangstaff@gmail.com
Gentle Mobile Dental,http://gentlemobiledental.com,drmandel@gentlemobiledental.com
"Marilou Toquero, DDS",http://asmiledentalcenter.com,asdcinc@live.com
Smile Design Dental,http://smiledesignlosangeles.com,PicoLADental@gmail.com
Le Chic Dentist,http://lechicdentist.com,lechicdentist@gmail.com
"Bill Dorfman, DDS - Century City Aesthetic Dentistry",http://billdorfmandds.com,username@example.com
"Bill Dorfman, DDS - Century City Aesthetic Dentistry",http://billdorfmandds.com,sennette@BillDorfmanDDS.com
Woodland Hills Dental Arts,http://woodlandhillsdentalarts.com,woodlandhillsdentalarts@gmail.com
Woodland Hills Dental Arts,http://woodlandhillsdentalarts.com,support@mpdmconsulting.com
Smiles LA,http://smiles.la,info@weomedia.com
Smiles LA,http://smiles.la,contact@smiles.la
"Sam S Markzar, DDS",http://drmarkzar.com,bhperiooffice@gmail.com
"Sam S Markzar, DDS",http://drmarkzar.com,email@email.com
"Thomas An, D.D.S. Dentalcare",http://thomasandds.com,thomasanddsdentalcare@gmail.com
Diamond Creek Dental,http://dcreekdental.com,8b4e078a51d04e0e9efdf470027f0ec1@sentry.wixpress.com
Diamond Creek Dental,http://dcreekdental.com,diamondcreekdental@gmail.com
Diamond Creek Dental,http://dcreekdental.com,Diamondcreekdental@gmail.com
Covina Hills Dental,http://covinahillsdental.com,lauren@covinahillsdental.com
Dentex Dental Studio,http://dentexdentalstudio.com,smile@dentexdentalstudio.com
"Yiwen Liu, DDS",http://yiwenliudds.com,yiwenliuddsapc@gmail.com
"Borzoo Ahmadi, DDS",http://labeverlyhillsdentist.com,info@LABeverlyhillsdentist.com
"Borzoo Ahmadi, DDS",http://labeverlyhillsdentist.com,Info@labeverlyhillsdentist.com
"Borzoo Ahmadi, DDS",http://labeverlyhillsdentist.com,Info@LABeverlyhillsdentist.com
Valley Village Dentistry,http://valleyvillagedentistry.com,8b4e078a51d04e0e9efdf470027f0ec1@sentry.wixpress.com
Valley Village Dentistry,http://valleyvillagedentistry.com,Valleyvillagedentistry@yahoo.com
"Leo Aghajanian, DDS - Precision Dental",http://ddsglendale.com,contact@ddsglendale.com
San Marino Dentistry,http://sanmarinodentist.com,sanmarinodentist@gmail.com
Cerritos Dental Implant Center,http://cerritosimplant.com,8b4e078a51d04e0e9efdf470027f0ec1@sentry.wixpress.com
Cerritos Dental Implant Center,http://cerritosimplant.com,cerritosimplant@gmail.com
"Mark Aranbasich, DDS",http://markaranbasichdds.com,markadds@sbcglobal.net
"Chelsea Pinto, DDS",http://drchelseapinto.com,admin@drchelseapinto.com
"David S Kao, DDS",http://davidkaodds.com,info@davidkaodds.com
K-Town Dentist,http://ktowndentist.com,agustinamingote@gmail.com
K-Town Dentist,http://ktowndentist.com,amkryukov@gmail.com
Floss & Gloss Dental,http://flossandgloss.net,8b4e078a51d04e0e9efdf470027f0ec1@sentry.wixpress.com
Floss & Gloss Dental,http://flossandgloss.net,contact@flossandgloss.net
"Fred Chao, DDS",http://chaodentistry.com,fredchaodds@gmail.com
UCLA Faculty Group Dental Practice,http://dentistry.ucla.edu,fyounai@dentistry.ucla.edu
UCLA Faculty Group Dental Practice,http://dentistry.ucla.edu,ehewlett@dentistry.ucla.edu
UCLA Faculty Group Dental Practice,http://dentistry.ucla.edu,sporter@support.ucla.edu
UCLA Faculty Group Dental Practice,http://dentistry.ucla.edu,dgalley@dentistry.ucla.edu
UCLA Faculty Group Dental Practice,http://dentistry.ucla.edu,gdelgado@support.ucla.edu
UCLA Faculty Group Dental Practice,http://dentistry.ucla.edu,muribe@dentistry.ucla.edu
UCLA Faculty Group Dental Practice,http://dentistry.ucla.edu,mgompert@support.ucla.edu
UCLA Faculty Group Dental Practice,http://dentistry.ucla.edu,emartinez@support.ucla.edu
UCLA Faculty Group Dental Practice,http://dentistry.ucla.edu,alumni@dentistry.ucla.edu
UCLA Faculty Group Dental Practice,http://dentistry.ucla.edu,taghaloo@dentistry.ucla.edu
UCLA Faculty Group Dental Practice,http://dentistry.ucla.edu,mdingman@dentistry.ucla.edu
UCLA Faculty Group Dental Practice,http://dentistry.ucla.edu,cde@dentistry.ucla.edu
UCLA Faculty Group Dental Practice,http://dentistry.ucla.edu,egarcia@support.ucla.edu
UCLA Faculty Group Dental Practice,http://dentistry.ucla.edu,jsha@dentistry.ucla.edu
UCLA Faculty Group Dental Practice,http://dentistry.ucla.edu,dwong@dentistry.ucla.edu
"Dalia Nosrati Cohen, DDS - Happy Smiles Dental",http://happysmilesdental.biz,dalia@doctor.com
"Dalia Nosrati Cohen, DDS - Happy Smiles Dental",http://happysmilesdental.biz,8b4e078a51d04e0e9efdf470027f0ec1@sentry.wixpress.com
"Dalia Nosrati Cohen, DDS - Happy Smiles Dental",http://happysmilesdental.biz,90048Dalia@doctor.com
"Dalia Nosrati Cohen, DDS - Happy Smiles Dental",http://happysmilesdental.biz,Dalia@doctor.com
Anthony Mobasser - Celebrity Dentist,http://celebritydentist.com,john.appleseed12345@sample.com
Anthony Mobasser - Celebrity Dentist,http://celebritydentist.com,info@best.celebritydentist.com
Anthony Mobasser - Celebrity Dentist,http://celebritydentist.com,anthony@celebritydentist.com
Anthony Mobasser - Celebrity Dentist,http://celebritydentist.com,Anthony@celebritydentist.com
Kaufman Dentistry,http://kaufmandentistry.com,Kaufmandentistry@gmail.com
Orange County Dental Care,http://orangecounty-dentalcare.com,care@orangecounty-dentalcare.com
Select Dental Group & Orthodontics,http://selectdentaloffice.com,selectdentalinfo@gmail.com
"Forouz Badri, DDS",http://ForouzBadriDDS.com,forouzbadridds@yahoo.com
Esthetic Dentistry,http://estheticdentistry.net,Info@estheticdentistry.net
Esthetic Dentistry,http://estheticdentistry.net,info@estheticdentistry.net
Katz Dental Group,http://katzdentalgroup.com,drkatz@katzdentalgroup.com
"Mehrdad Makhani, DDS",http://happydentist.net,info@happydentist.net
ASK Dental Group - Campus Dental Center,http://Www.askdentalgroup.com,askdentalgroup@gmail.com
"Mee Dental Group - Young H Choi, DDS",http://meedentalgroup.com,meedentalgroup@gmail.com
Flossn LA Dental,http://losangelesca.dentist,LALuxDental@gmail.com
"Vivian Banaria, DMD",http://vivianbanariadmd.com,banariadental2@gmail.com
San Dimas Family Dentistry,http://sandimasdentistry.com,sandimasfamilydentistry@gmail.com
"Smile Care Valencia - Robert P. Hedvat, DDS",http://smilecarevalencia.com,smilecarevalencia@gmail.com
Sola Kids Dental,http://solakidsdental.com,Drlaura@solakidsdental.com
Sola Kids Dental,http://solakidsdental.com,8b4e078a51d04e0e9efdf470027f0ec1@sentry.wixpress.com
Monterey Hills Dental,http://montereyhillsdental.com,anapbm@gmail.com
Monterey Hills Dental,http://montereyhillsdental.com,team@latofonts.com
Monterey Hills Dental,http://montereyhillsdental.com,info@ndiscovered.com
Dental Center Of Simi Valley,http://simivalleydentalcenter.com,hartouniandmd@gmail.com
Purity Endodontics,http://purityendo.com,jeff@purityendo.com
Purity Endodontics,http://purityendo.com,office@purityendo.com
Center for Advanced Periodontal & Implant Therapy,http://implantperiocenter.com,info@wandering-beef.flywheelsites.com
Center for Advanced Periodontal & Implant Therapy,http://implantperiocenter.com,charlene@sociallighthouse.com
Geach Dental,http://geachdental.com,john@smith.com
Geach Dental,http://geachdental.com,office@geachdental.com
Geach Dental,http://geachdental.com,Office@geachdental.com
"David Nikfarjam, DDS",http://doctornik.com,appointments@doctornik.com
"Chirag Patel, DMD",http://smilesbydrp.com,info@smilesbydrp.com
"Daniel Tamura, DDS",http://danieltamuradds.com,office@DanielTamuraDDS.com
"Daniel Tamura, DDS",http://danieltamuradds.com,drtamura@danieltamuradds.com
Rite Dentist,http://ritedentist.com,hello@ritedentist.com
"Aram Tsolakyan, DDS - Tsolakyan’s Dental Welness Center",http://tsolakyan.com,ggrigoriandds@gmail.com
Implant Centers,http://implantcenters.com,support@inmotionhosting.com
Bright Smiles Dental Studio,http://brightsmilesdentalstudio.com,policy@pri-pol.com
Bright Smiles Dental Studio,http://brightsmilesdentalstudio.com,smile@brightsmilesdentalstudio.com
"Dan Pinar, DDS",http://danpinardds.com,wehodental@gmail.com
"David Schlang, DDS - Implant & Cosmetic Dentistry",http://drschlang.com,xxx@xxxx.xxxNew
Image Dental,http://newimagedental.org,newmenavsky@gmail.com
"David Schlang, DDS - Implant & Cosmetic Dentistry",http://drschlang.com,xxx@xxxx.xxx